Episode,Steps,TotalReward,FinalState,Epsilon
0,200,-3549,44,0.8955
1,200,-2707,9,0.891023
2,200,-2388,43,0.886567
3,200,-3590,30,0.882135
4,152,-2962,99,0.877724
5,200,-2745,46,0.873335
6,200,-2781,1,0.868969
7,200,-4226,41,0.864624
8,200,-3590,2,0.860301
9,200,-2837,92,0.855999
10,200,-2976,58,0.851719
11,200,-3125,47,0.847461
12,138,-2329,99,0.843223
13,200,-3892,18,0.839007
14,200,-2970,29,0.834812
15,131,-1983,99,0.830638
16,200,-2835,85,0.826485
17,155,-3216,99,0.822352
18,189,-2192,99,0.818241
19,200,-3233,24,0.814149
20,200,-3521,24,0.810079
21,35,-375,99,0.806028
22,200,-3354,63,0.801998
23,200,-2868,78,0.797988
24,110,-2089,99,0.793998
25,200,-3823,34,0.790028
26,56,-1076,99,0.786078
27,200,-3536,2,0.782148
28,200,-2920,19,0.778237
29,200,-4282,33,0.774346
30,169,-2938,99,0.770474
31,200,-3224,76,0.766622
32,200,-3431,75,0.762789
33,200,-3764,8,0.758975
34,200,-3697,72,0.75518
35,200,-4217,95,0.751404
36,200,-2955,10,0.747647
37,185,-3515,99,0.743909
38,64,-694,99,0.740189
39,111,-1590,99,0.736488
40,200,-3534,46,0.732806
41,200,-3081,11,0.729142
42,200,-2939,23,0.725496
43,94,-1669,99,0.721869
44,144,-2533,99,0.718259
45,144,-2126,99,0.714668
46,109,-1500,99,0.711095
47,103,-1013,99,0.707539
48,143,-2157,99,0.704001
49,173,-2658,99,0.700481
50,98,-1731,99,0.696979
51,90,-1102,99,0.693494
52,125,-1876,99,0.690027
53,200,-3063,93,0.686576
54,200,-3194,92,0.683144
55,119,-1495,99,0.679728
56,200,-3003,31,0.676329
57,196,-2850,99,0.672948
58,72,-871,99,0.669583
59,78,-1046,99,0.666235
60,200,-3091,93,0.662904
61,165,-2338,99,0.659589
62,171,-2388,99,0.656291
63,85,-1559,99,0.65301
64,115,-1862,99,0.649745
65,158,-2347,99,0.646496
66,96,-1302,99,0.643264
67,95,-1045,99,0.640047
68,200,-2403,59,0.636847
69,49,-500,99,0.633663
70,200,-3250,37,0.630495
71,196,-2628,99,0.627342
72,105,-1328,99,0.624205
73,52,-528,99,0.621084
74,41,-452,99,0.617979
75,46,-557,99,0.614889
76,89,-1344,99,0.611815
77,200,-2588,32,0.608755
78,200,-2672,75,0.605712
79,55,-680,99,0.602683
80,200,-2367,25,0.59967
81,136,-1409,99,0.596671
82,118,-1490,99,0.593688
83,200,-2690,77,0.59072
84,200,-2320,45,0.587766
85,200,-2285,6,0.584827
86,200,-2497,61,0.581903
87,181,-2186,99,0.578993
88,78,-442,99,0.576099
89,200,-2406,33,0.573218
90,82,-312,99,0.570352
91,200,-2393,73,0.5675
92,200,-2040,26,0.564663
93,200,-1882,67,0.561839
94,130,-919,99,0.55903
95,200,-1511,57,0.556235
96,200,-2222,23,0.553454
97,200,-1882,64,0.550687
98,159,-1337,99,0.547933
99,200,-1890,73,0.545194
100,41,-294,99,0.542468
101,83,-482,99,0.539755
102,200,-2058,29,0.537057
103,200,-1626,11,0.534371
104,200,-2634,67,0.531699
105,152,-1753,99,0.529041
106,89,-598,99,0.526396
107,185,-2031,99,0.523764
108,200,-1949,46,0.521145
109,200,-1427,50,0.518539
110,162,-1904,99,0.515947
111,200,-1222,73,0.513367
112,200,-2316,66,0.5108
113,83,-410,99,0.508246
114,140,-1186,99,0.505705
115,65,-752,99,0.503176
116,200,-2075,31,0.50066
117,200,-2461,0,0.498157
118,200,-1656,83,0.495666
119,200,-1776,11,0.493188
120,141,-1492,99,0.490722
121,200,-2013,12,0.488268
122,200,-1833,53,0.485827
123,200,-2227,50,0.483398
124,82,-740,99,0.480981
125,47,-389,99,0.478576
126,200,-1979,52,0.476183
127,56,-848,99,0.473802
128,200,-1777,74,0.471433
129,200,-2029,84,0.469076
130,200,-1767,85,0.466731
131,84,-590,99,0.464397
132,78,-393,99,0.462075
133,200,-1592,82,0.459765
134,200,-1820,71,0.457466
135,200,-1538,13,0.455178
136,200,-2407,71,0.452903
137,195,-1189,99,0.450638
138,200,-1668,50,0.448385
139,200,-1374,61,0.446143
140,16,-62,99,0.443912
141,135,-702,99,0.441693
142,109,-540,99,0.439484
143,93,-675,99,0.437287
144,200,-1266,47,0.4351
145,177,-1185,99,0.432925
146,66,-437,99,0.43076
147,120,-538,99,0.428606
148,59,-390,99,0.426463
149,200,-1480,37,0.424331
150,30,-96,99,0.422209
151,42,-204,99,0.420098
152,60,-560,99,0.417998
153,36,-13,99,0.415908
154,82,-386,99,0.413828
155,68,-396,99,0.411759
156,47,-17,99,0.4097
157,95,-555,99,0.407652
158,53,-300,99,0.405614
159,165,-747,99,0.403586
160,26,-74,99,0.401568
161,99,-557,99,0.39956
162,66,-295,99,0.397562
163,101,-557,99,0.395574
164,29,-124,99,0.393596
165,200,-1463,32,0.391628
166,64,-239,99,0.38967
167,94,-732,99,0.387722
168,181,-1080,99,0.385783
169,200,-1695,47,0.383854
170,43,-116,99,0.381935
171,73,-293,99,0.380025
172,76,-418,99,0.378125
173,62,-315,99,0.376235
174,75,-297,99,0.374353
175,76,-280,99,0.372482
176,103,-441,99,0.370619
177,160,-1008,99,0.368766
178,27,-180,99,0.366922
179,57,-446,99,0.365088
180,85,-433,99,0.363262
181,196,-841,99,0.361446
182,154,-709,99,0.359639
183,17,-14,99,0.357841
184,150,-606,99,0.356051
185,27,-180,99,0.354271
186,19,33,99,0.3525
187,71,-202,99,0.350737
188,120,-391,99,0.348984
189,27,-35,99,0.347239
190,31,-88,99,0.345502
191,120,-839,99,0.343775
192,200,-1164,82,0.342056
193,200,-870,35,0.340346
194,55,-337,99,0.338644
195,122,-752,99,0.336951
196,115,-700,99,0.335266
197,68,-221,99,0.33359
198,200,-984,27,0.331922
199,114,-518,99,0.330262
200,74,-260,99,0.328611
201,200,-1303,36,0.326968
202,132,-645,99,0.325333
203,200,-1091,46,0.323706
204,40,-39,99,0.322088
205,200,-778,39,0.320477
206,28,-103,99,0.318875
207,79,-283,99,0.317281
208,64,-415,99,0.315694
209,200,-1324,62,0.314116
210,64,-373,99,0.312545
211,127,-752,99,0.310982
212,137,-364,99,0.309428
213,61,-241,99,0.30788
214,28,-45,99,0.306341
215,50,-292,99,0.304809
216,143,-645,99,0.303285
217,92,-343,99,0.301769
218,200,-1175,14,0.30026
219,148,-691,99,0.298759
220,148,-662,99,0.297265
221,40,-55,99,0.295779
222,200,-1063,41,0.2943
223,98,-367,99,0.292828
224,96,-198,99,0.291364
225,78,-371,99,0.289907
226,40,-184,99,0.288458
227,200,-1460,86,0.287015
228,123,-783,99,0.28558
229,27,-24,99,0.284153
230,31,-226,99,0.282732
231,77,-453,99,0.281318
232,42,-90,99,0.279912
233,70,-334,99,0.278512
234,131,-807,99,0.277119
235,164,-894,99,0.275734
236,28,-74,99,0.274355
237,125,-619,99,0.272983
238,123,-605,99,0.271618
239,112,-606,99,0.27026
240,44,-77,99,0.268909
241,181,-830,99,0.267565
242,200,-825,64,0.266227
243,34,-89,99,0.264896
244,38,-111,99,0.263571
245,35,-94,99,0.262253
246,45,-158,99,0.260942
247,26,24,99,0.259637
248,81,-548,99,0.258339
249,140,-471,99,0.257047
250,200,-1028,74,0.255762
251,72,-280,99,0.254483
252,23,29,99,0.253211
253,36,14,99,0.251945
254,200,-616,82,0.250685
255,200,-715,83,0.249432
256,200,-1362,14,0.248185
257,70,-339,99,0.246944
258,70,-187,99,0.245709
259,200,-829,62,0.24448
260,127,-496,99,0.243258
261,130,-501,99,0.242042
262,49,-220,99,0.240832
263,20,32,99,0.239627
264,72,-294,99,0.238429
265,18,32,99,0.237237
266,26,-32,99,0.236051
267,86,-406,99,0.234871
268,68,-283,99,0.233696
269,200,-1055,50,0.232528
270,200,-797,61,0.231365
271,200,-534,61,0.230208
272,46,-45,99,0.229057
273,69,-264,99,0.227912
274,62,-500,99,0.226772
275,200,-747,74,0.225639
276,88,-344,99,0.22451
277,96,-398,99,0.223388
278,32,-127,99,0.222271
279,35,-183,99,0.22116
280,51,-195,99,0.220054
281,135,-408,99,0.218954
282,45,-167,99,0.217859
283,22,61,99,0.216769
284,68,-221,99,0.215686
285,132,-476,99,0.214607
286,30,13,99,0.213534
287,97,-448,99,0.212466
288,48,-49,99,0.211404
289,64,-170,99,0.210347
290,26,-25,99,0.209295
291,29,-75,99,0.208249
292,200,-466,29,0.207208
293,148,-660,99,0.206172
294,58,-157,99,0.205141
295,66,-161,99,0.204115
296,18,-33,99,0.203094
297,48,51,99,0.202079
298,53,-148,99,0.201069
299,85,-434,99,0.200063
300,95,-346,99,0.199063
301,20,-115,99,0.198068
302,116,-181,99,0.197077
303,104,-317,99,0.196092
304,73,-364,99,0.195111
305,105,-322,99,0.194136
306,29,-26,99,0.193165
307,59,-205,99,0.192199
308,20,32,99,0.191238
309,22,-28,99,0.190282
310,21,-18,99,0.189331
311,26,-34,99,0.188384
312,30,42,99,0.187442
313,23,29,99,0.186505
314,18,23,99,0.185573
315,32,2,99,0.184645
316,105,-231,99,0.183721
317,48,-67,99,0.182803
318,58,-313,99,0.181889
319,34,9,99,0.180979
320,35,-90,99,0.180074
321,170,-659,99,0.179174
322,50,-92,99,0.178278
323,56,-171,99,0.177387
324,112,-492,99,0.1765
325,15,86,99,0.175617
326,25,18,99,0.174739
327,91,-117,99,0.173866
328,21,31,99,0.172996
329,16,85,99,0.172131
330,12,89,99,0.171271
331,15,37,99,0.170414
332,101,-354,99,0.169562
333,35,-237,99,0.168714
334,22,30,99,0.167871
335,15,59,99,0.167032
336,19,33,99,0.166196
337,200,-646,6,0.165365
338,14,38,99,0.164539
339,17,26,99,0.163716
340,44,-12,99,0.162897
341,17,-14,99,0.162083
342,150,-380,99,0.161272
343,65,-76,99,0.160466
344,17,26,99,0.159664
345,29,14,99,0.158865
346,12,89,99,0.158071
347,14,87,99,0.157281
348,14,87,99,0.156494
349,27,-24,99,0.155712
350,12,89,99,0.154933
351,12,89,99,0.154159
352,14,87,99,0.153388
353,29,-26,99,0.152621
354,31,21,99,0.151858
355,18,32,99,0.151098
356,13,88,99,0.150343
357,13,39,99,0.149591
358,12,89,99,0.148843
359,18,81,99,0.148099
360,12,89,99,0.147359
361,14,87,99,0.146622
362,13,88,99,0.145889
363,14,87,99,0.145159
364,13,86,99,0.144433
365,29,59,99,0.143711
366,13,88,99,0.142993
367,16,83,99,0.142278
368,12,89,99,0.141566
369,185,-528,99,0.140859
370,16,36,99,0.140154
371,15,86,99,0.139454
372,12,89,99,0.138756
373,16,76,99,0.138062
374,14,87,99,0.137372
375,18,-17,99,0.136685
376,13,39,99,0.136002
377,25,-24,99,0.135322
378,18,83,99,0.134645
379,11,90,99,0.133972
380,11,90,99,0.133302
381,11,90,99,0.132636
382,19,78,99,0.131973
383,12,31,99,0.131313
384,12,40,99,0.130656
385,12,80,99,0.130003
386,47,-153,99,0.129353
387,11,90,99,0.128706
388,11,90,99,0.128062
389,12,89,99,0.127422
390,14,87,99,0.126785
391,11,90,99,0.126151
392,15,37,99,0.12552
393,13,88,99,0.124893
394,13,88,99,0.124268
395,11,90,99,0.123647
396,11,90,99,0.123029
397,13,39,99,0.122414
398,11,90,99,0.121802
399,12,89,99,0.121193
400,14,87,99,0.120587
401,15,77,99,0.119984
402,14,87,99,0.119384
403,42,1,99,0.118787
404,99,-274,99,0.118193
405,86,-218,99,0.117602
406,51,-17,99,0.117014
407,15,37,99,0.116429
408,24,77,99,0.115847
409,37,46,99,0.115267
410,36,-42,99,0.114691
411,42,-103,99,0.114118
412,13,88,99,0.113547
413,14,87,99,0.112979
414,22,28,99,0.112414
415,12,89,99,0.111852
416,12,89,99,0.111293
417,13,79,99,0.110737
418,19,33,99,0.110183
419,12,89,99,0.109632
420,13,39,99,0.109084
421,20,-17,99,0.108538
422,98,-114,99,0.107996
423,14,38,99,0.107456
424,24,-34,99,0.106918
425,16,32,99,0.106384
426,28,-74,99,0.105852
427,85,-42,99,0.105323
428,16,85,99,0.104796
429,34,65,99,0.104272
430,50,-7,99,0.103751
431,20,79,99,0.103232
432,33,68,99,0.102716
433,49,-48,99,0.102202
434,14,38,99,0.101691
435,12,89,99,0.101183
436,12,89,99,0.100677
437,12,89,99,0.100174
438,12,89,99,0.1
439,14,87,99,0.1
440,13,39,99,0.1
441,12,89,99,0.1
442,12,89,99,0.1
443,13,79,99,0.1
444,48,-154,99,0.1
445,12,89,99,0.1
446,13,79,99,0.1
447,21,-36,99,0.1
448,12,89,99,0.1
449,12,89,99,0.1
450,13,39,99,0.1
451,17,35,99,0.1
452,14,87,99,0.1
453,13,88,99,0.1
454,16,76,99,0.1
455,13,39,99,0.1
456,56,45,99,0.1
457,13,88,99,0.1
458,20,30,99,0.1
459,15,86,99,0.1
460,13,88,99,0.1
461,15,86,99,0.1
462,13,88,99,0.1
463,14,78,99,0.1
464,13,88,99,0.1
465,13,88,99,0.1
466,13,88,99,0.1
467,47,-27,99,0.1
468,14,83,99,0.1
469,15,31,99,0.1
470,22,20,99,0.1
471,26,-33,99,0.1
472,16,85,99,0.1
473,13,88,99,0.1
474,13,88,99,0.1
475,14,78,99,0.1
476,17,35,99,0.1
477,16,36,99,0.1
478,13,88,99,0.1
479,12,89,99,0.1
480,11,90,99,0.1
481,25,-173,99,0.1
482,15,-12,99,0.1
483,28,14,99,0.1
484,38,14,99,0.1
485,14,87,99,0.1
486,14,87,99,0.1
487,14,87,99,0.1
488,12,89,99,0.1
489,13,79,99,0.1
490,12,89,99,0.1
491,34,4,99,0.1
492,42,-20,99,0.1
493,26,59,99,0.1
494,119,-396,99,0.1
495,186,-469,99,0.1
496,15,35,99,0.1
497,19,-67,99,0.1
498,42,-123,99,0.1
499,25,15,99,0.1
500,20,17,99,0.1
501,29,-101,99,0.1
502,24,16,99,0.1
503,23,-30,99,0.1
504,38,-61,99,0.1
505,12,38,99,0.1
506,18,28,99,0.1
507,40,57,99,0.1
508,25,25,99,0.1
509,49,-10,99,0.1
510,200,-530,88,0.1
511,36,63,99,0.1
512,25,62,99,0.1
513,70,-160,99,0.1
514,17,69,99,0.1
515,30,-93,99,0.1
516,73,-155,99,0.1
517,44,-110,99,0.1
518,47,-26,99,0.1
519,54,-28,99,0.1
520,12,38,99,0.1
521,12,87,99,0.1
522,22,70,99,0.1
523,21,29,99,0.1
524,20,32,99,0.1
525,43,9,99,0.1
526,20,32,99,0.1
527,11,88,99,0.1
528,12,89,99,0.1
529,11,39,99,0.1
530,13,37,99,0.1
531,13,86,99,0.1
532,25,16,99,0.1
533,15,37,99,0.1
534,16,-13,99,0.1
535,11,90,99,0.1
536,11,90,99,0.1
537,13,39,99,0.1
538,11,90,99,0.1
539,14,87,99,0.1
540,15,37,99,0.1
541,13,79,99,0.1
542,12,89,99,0.1
543,16,76,99,0.1
544,13,39,99,0.1
545,15,37,99,0.1
546,13,88,99,0.1
547,16,36,99,0.1
548,14,87,99,0.1
549,13,88,99,0.1
550,11,90,99,0.1
551,13,70,99,0.1
552,14,38,99,0.1
553,14,87,99,0.1
554,11,90,99,0.1
555,15,-61,99,0.1
556,13,88,99,0.1
557,11,90,99,0.1
558,14,78,99,0.1
559,17,-63,99,0.1
560,13,39,99,0.1
561,11,90,99,0.1
562,11,90,99,0.1
563,11,90,99,0.1
564,16,-62,99,0.1
565,13,88,99,0.1
566,11,90,99,0.1
567,11,90,99,0.1
568,11,90,99,0.1
569,12,80,99,0.1
570,12,80,99,0.1
571,12,40,99,0.1
572,11,90,99,0.1
573,12,89,99,0.1
574,11,90,99,0.1
575,11,90,99,0.1
576,11,90,99,0.1
577,13,39,99,0.1
578,12,87,99,0.1
579,11,90,99,0.1
580,11,90,99,0.1
581,11,90,99,0.1
582,14,38,99,0.1
583,18,34,99,0.1
584,14,38,99,0.1
585,11,90,99,0.1
586,15,-12,99,0.1
587,22,-23,99,0.1
588,13,88,99,0.1
589,14,38,99,0.1
590,13,39,99,0.1
591,12,80,99,0.1
592,12,40,99,0.1
593,12,89,99,0.1
594,15,86,99,0.1
595,14,36,99,0.1
596,11,90,99,0.1
597,17,82,99,0.1
598,12,89,99,0.1
599,11,90,99,0.1
600,11,90,99,0.1
601,15,37,99,0.1
602,14,38,99,0.1
603,11,90,99,0.1
604,12,87,99,0.1
605,12,80,99,0.1
606,17,82,99,0.1
607,11,90,99,0.1
608,12,89,99,0.1
609,11,90,99,0.1
610,11,90,99,0.1
611,17,84,99,0.1
612,12,89,99,0.1
613,12,80,99,0.1
614,11,90,99,0.1
615,11,90,99,0.1
616,13,79,99,0.1
617,11,90,99,0.1
618,11,90,99,0.1
619,11,90,99,0.1
620,11,90,99,0.1
621,12,80,99,0.1
622,11,90,99,0.1
623,11,90,99,0.1
624,11,90,99,0.1
625,12,89,99,0.1
626,13,-10,99,0.1
627,11,90,99,0.1
628,11,90,99,0.1
629,11,90,99,0.1
630,14,38,99,0.1
631,12,89,99,0.1
632,11,90,99,0.1
633,16,85,99,0.1
634,14,87,99,0.1
635,12,80,99,0.1
636,17,84,99,0.1
637,11,90,99,0.1
638,15,28,99,0.1
639,13,88,99,0.1
640,13,39,99,0.1
641,11,90,99,0.1
642,17,35,99,0.1
643,11,90,99,0.1
644,12,80,99,0.1
645,15,37,99,0.1
646,11,90,99,0.1
647,16,27,99,0.1
648,11,90,99,0.1
649,13,39,99,0.1
650,15,77,99,0.1
651,15,28,99,0.1
652,12,80,99,0.1
653,13,88,99,0.1
654,13,88,99,0.1
655,13,88,99,0.1
656,14,38,99,0.1
657,11,90,99,0.1
658,13,88,99,0.1
659,13,39,99,0.1
660,11,90,99,0.1
661,13,86,99,0.1
662,12,89,99,0.1
663,11,90,99,0.1
664,11,90,99,0.1
665,12,40,99,0.1
666,11,90,99,0.1
667,12,80,99,0.1
668,11,41,99,0.1
669,12,89,99,0.1
670,11,90,99,0.1
671,11,90,99,0.1
672,11,90,99,0.1
673,16,76,99,0.1
674,12,40,99,0.1
675,11,90,99,0.1
676,13,88,99,0.1
677,11,41,99,0.1
678,13,39,99,0.1
679,13,86,99,0.1
680,11,90,99,0.1
681,12,80,99,0.1
682,12,80,99,0.1
683,13,79,99,0.1
684,12,87,99,0.1
685,12,31,99,0.1
686,14,29,99,0.1
687,15,37,99,0.1
688,11,90,99,0.1
689,12,80,99,0.1
690,11,90,99,0.1
691,19,33,99,0.1
692,11,90,99,0.1
693,14,85,99,0.1
694,15,37,99,0.1
695,11,90,99,0.1
696,13,88,99,0.1
697,13,88,99,0.1
698,12,80,99,0.1
699,14,78,99,0.1
700,11,90,99,0.1
701,11,90,99,0.1
702,12,80,99,0.1
703,11,90,99,0.1
704,11,90,99,0.1
705,12,80,99,0.1
706,16,-13,99,0.1
707,13,39,99,0.1
708,16,74,99,0.1
709,12,89,99,0.1
710,11,90,99,0.1
711,11,90,99,0.1
712,11,90,99,0.1
713,13,70,99,0.1
714,14,87,99,0.1
715,11,90,99,0.1
716,14,38,99,0.1
717,13,39,99,0.1
718,12,89,99,0.1
719,12,40,99,0.1
720,12,80,99,0.1
721,15,68,99,0.1
722,15,37,99,0.1
723,11,90,99,0.1
724,11,90,99,0.1
725,13,86,99,0.1
726,11,90,99,0.1
727,17,84,99,0.1
728,11,90,99,0.1
729,12,40,99,0.1
730,13,88,99,0.1
731,11,90,99,0.1
732,11,90,99,0.1
733,11,90,99,0.1
734,11,90,99,0.1
735,14,38,99,0.1
736,13,88,99,0.1
737,11,90,99,0.1
738,14,87,99,0.1
739,14,78,99,0.1
740,11,90,99,0.1
741,12,89,99,0.1
742,11,90,99,0.1
743,13,39,99,0.1
744,11,90,99,0.1
745,15,-12,99,0.1
746,11,90,99,0.1
747,12,80,99,0.1
748,11,90,99,0.1
749,12,89,99,0.1
750,11,90,99,0.1
751,11,90,99,0.1
752,11,90,99,0.1
753,13,39,99,0.1
754,15,68,99,0.1
755,11,41,99,0.1
756,14,38,99,0.1
757,12,40,99,0.1
758,12,80,99,0.1
759,11,90,99,0.1
760,11,90,99,0.1
761,11,90,99,0.1
762,12,89,99,0.1
763,12,80,99,0.1
764,11,90,99,0.1
765,12,87,99,0.1
766,14,87,99,0.1
767,12,80,99,0.1
768,13,88,99,0.1
769,14,78,99,0.1
770,12,89,99,0.1
771,16,36,99,0.1
772,11,90,99,0.1
773,14,78,99,0.1
774,12,80,99,0.1
775,15,37,99,0.1
776,12,40,99,0.1
777,13,88,99,0.1
778,15,84,99,0.1
779,13,88,99,0.1
780,13,88,99,0.1
781,15,37,99,0.1
782,15,37,99,0.1
783,11,90,99,0.1
784,12,87,99,0.1
785,12,89,99,0.1
786,11,90,99,0.1
787,17,-14,99,0.1
788,13,88,99,0.1
789,13,79,99,0.1
790,12,80,99,0.1
791,11,90,99,0.1
792,11,90,99,0.1
793,11,90,99,0.1
794,13,88,99,0.1
795,11,90,99,0.1
796,14,78,99,0.1
797,13,88,99,0.1
798,11,90,99,0.1
799,12,80,99,0.1
800,11,90,99,0.1
801,11,90,99,0.1
802,15,86,99,0.1
803,11,90,99,0.1
804,14,78,99,0.1
805,14,38,99,0.1
806,14,78,99,0.1
807,11,90,99,0.1
808,11,90,99,0.1
809,11,90,99,0.1
810,11,90,99,0.1
811,17,35,99,0.1
812,11,90,99,0.1
813,13,39,99,0.1
814,12,80,99,0.1
815,14,38,99,0.1
816,15,37,99,0.1
817,11,39,99,0.1
818,13,88,99,0.1
819,13,39,99,0.1
820,11,90,99,0.1
821,11,90,99,0.1
822,11,90,99,0.1
823,16,-62,99,0.1
824,11,90,99,0.1
825,11,90,99,0.1
826,15,37,99,0.1
827,12,89,99,0.1
828,12,80,99,0.1
829,11,90,99,0.1
830,11,90,99,0.1
831,11,90,99,0.1
832,13,88,99,0.1
833,12,40,99,0.1
834,13,39,99,0.1
835,18,74,99,0.1
836,11,90,99,0.1
837,13,39,99,0.1
838,13,88,99,0.1
839,12,40,99,0.1
840,12,31,99,0.1
841,11,90,99,0.1
842,11,90,99,0.1
843,16,76,99,0.1
844,13,88,99,0.1
845,15,86,99,0.1
846,16,-13,99,0.1
847,12,87,99,0.1
848,13,88,99,0.1
849,15,86,99,0.1
850,13,88,99,0.1
851,11,90,99,0.1
852,12,87,99,0.1
853,17,35,99,0.1
854,13,39,99,0.1
855,12,89,99,0.1
856,12,80,99,0.1
857,11,90,99,0.1
858,15,77,99,0.1
859,11,90,99,0.1
860,11,90,99,0.1
861,13,39,99,0.1
862,11,90,99,0.1
863,17,33,99,0.1
864,14,78,99,0.1
865,11,90,99,0.1
866,11,90,99,0.1
867,13,39,99,0.1
868,12,87,99,0.1
869,11,90,99,0.1
870,11,90,99,0.1
871,11,41,99,0.1
872,12,40,99,0.1
873,11,90,99,0.1
874,11,90,99,0.1
875,12,89,99,0.1
876,11,90,99,0.1
877,11,90,99,0.1
878,11,90,99,0.1
879,11,90,99,0.1
880,11,90,99,0.1
881,14,85,99,0.1
882,11,90,99,0.1
883,11,90,99,0.1
884,11,90,99,0.1
885,13,88,99,0.1
886,18,25,99,0.1
887,11,90,99,0.1
888,13,88,99,0.1
889,13,88,99,0.1
890,13,88,99,0.1
891,13,39,99,0.1
892,17,35,99,0.1
893,15,84,99,0.1
894,11,90,99,0.1
895,16,16,99,0.1
896,11,90,99,0.1
897,14,38,99,0.1
898,11,90,99,0.1
899,11,90,99,0.1
900,13,39,99,0.1
901,11,90,99,0.1
902,13,70,99,0.1
903,12,89,99,0.1
904,13,88,99,0.1
905,11,90,99,0.1
906,11,90,99,0.1
907,11,90,99,0.1
908,11,90,99,0.1
909,11,90,99,0.1
910,11,90,99,0.1
911,13,88,99,0.1
912,11,90,99,0.1
913,16,27,99,0.1
914,13,39,99,0.1
915,15,26,99,0.1
916,15,86,99,0.1
917,13,88,99,0.1
918,11,90,99,0.1
919,11,90,99,0.1
920,16,-66,99,0.1
921,19,73,99,0.1
922,15,37,99,0.1
923,13,88,99,0.1
924,13,39,99,0.1
925,12,40,99,0.1
926,12,89,99,0.1
927,12,89,99,0.1
928,13,88,99,0.1
929,16,85,99,0.1
930,15,-12,99,0.1
931,14,38,99,0.1
932,11,90,99,0.1
933,13,88,99,0.1
934,15,75,99,0.1
935,11,90,99,0.1
936,11,90,99,0.1
937,13,39,99,0.1
938,15,77,99,0.1
939,13,88,99,0.1
940,13,88,99,0.1
941,11,90,99,0.1
942,14,83,99,0.1
943,16,76,99,0.1
944,11,90,99,0.1
945,11,90,99,0.1
946,15,26,99,0.1
947,11,90,99,0.1
948,11,90,99,0.1
949,15,-14,99,0.1
950,11,90,99,0.1
951,11,90,99,0.1
952,12,87,99,0.1
953,14,87,99,0.1
954,11,90,99,0.1
955,13,39,99,0.1
956,14,87,99,0.1
957,11,90,99,0.1
958,14,78,99,0.1
959,13,39,99,0.1
960,12,40,99,0.1
961,11,41,99,0.1
962,13,39,99,0.1
963,11,90,99,0.1
964,13,39,99,0.1
965,11,90,99,0.1
966,11,90,99,0.1
967,11,90,99,0.1
968,15,86,99,0.1
969,14,29,99,0.1
970,15,37,99,0.1
971,11,90,99,0.1
972,11,90,99,0.1
973,11,41,99,0.1
974,11,90,99,0.1
975,11,90,99,0.1
976,11,90,99,0.1
977,14,78,99,0.1
978,16,-13,99,0.1
979,13,88,99,0.1
980,13,88,99,0.1
981,11,90,99,0.1
982,13,88,99,0.1
983,14,78,99,0.1
984,11,90,99,0.1
985,11,90,99,0.1
986,16,-31,99,0.1
987,11,90,99,0.1
988,11,90,99,0.1
989,11,90,99,0.1
990,11,90,99,0.1
991,12,89,99,0.1
992,11,90,99,0.1
993,11,90,99,0.1
994,12,80,99,0.1
995,11,90,99,0.1
996,13,39,99,0.1
997,11,90,99,0.1
998,13,39,99,0.1
999,11,90,99,0.1
1000,11,90,99,0.1
1001,14,85,99,0.1
1002,11,90,99,0.1
1003,12,-9,99,0.1
1004,14,38,99,0.1
1005,13,88,99,0.1
1006,12,80,99,0.1
1007,11,90,99,0.1
1008,12,80,99,0.1
1009,12,89,99,0.1
1010,13,39,99,0.1
1011,14,87,99,0.1
1012,14,78,99,0.1
1013,13,39,99,0.1
1014,14,85,99,0.1
1015,14,85,99,0.1
1016,17,-63,99,0.1
1017,13,39,99,0.1
1018,18,34,99,0.1
1019,16,36,99,0.1
1020,16,36,99,0.1
1021,13,37,99,0.1
1022,14,-11,99,0.1
1023,14,38,99,0.1
1024,19,-114,99,0.1
1025,11,90,99,0.1
1026,11,90,99,0.1
1027,13,88,99,0.1
1028,13,39,99,0.1
1029,11,90,99,0.1
1030,11,41,99,0.1
1031,11,90,99,0.1
1032,13,39,99,0.1
1033,11,90,99,0.1
1034,16,-13,99,0.1
1035,11,90,99,0.1
1036,12,80,99,0.1
1037,12,80,99,0.1
1038,11,41,99,0.1
1039,14,78,99,0.1
1040,17,35,99,0.1
1041,11,90,99,0.1
1042,13,88,99,0.1
1043,14,-11,99,0.1
1044,11,90,99,0.1
1045,11,90,99,0.1
1046,13,88,99,0.1
1047,11,90,99,0.1
1048,11,90,99,0.1
1049,11,90,99,0.1
1050,11,90,99,0.1
1051,11,90,99,0.1
1052,11,90,99,0.1
1053,13,39,99,0.1
1054,12,89,99,0.1
1055,12,40,99,0.1
1056,13,39,99,0.1
1057,11,90,99,0.1
1058,13,88,99,0.1
1059,14,38,99,0.1
1060,12,40,99,0.1
1061,11,90,99,0.1
1062,13,70,99,0.1
1063,14,87,99,0.1
1064,13,88,99,0.1
1065,12,80,99,0.1
1066,15,-12,99,0.1
1067,13,88,99,0.1
1068,12,40,99,0.1
1069,11,90,99,0.1
1070,13,70,99,0.1
1071,13,88,99,0.1
1072,13,88,99,0.1
1073,11,90,99,0.1
1074,12,89,99,0.1
1075,15,68,99,0.1
1076,13,39,99,0.1
1077,16,16,99,0.1
1078,13,39,99,0.1
1079,13,88,99,0.1
1080,14,85,99,0.1
1081,11,90,99,0.1
1082,15,86,99,0.1
1083,18,34,99,0.1
1084,13,88,99,0.1
1085,13,39,99,0.1
1086,13,88,99,0.1
1087,12,80,99,0.1
1088,11,90,99,0.1
1089,15,26,99,0.1
1090,19,-74,99,0.1
1091,12,80,99,0.1
1092,13,39,99,0.1
1093,13,39,99,0.1
1094,11,41,99,0.1
1095,15,37,99,0.1
1096,16,-15,99,0.1
1097,11,90,99,0.1
1098,14,87,99,0.1
1099,11,41,99,0.1
1100,11,90,99,0.1
1101,12,80,99,0.1
1102,11,90,99,0.1
1103,14,78,99,0.1
1104,12,40,99,0.1
1105,12,80,99,0.1
1106,11,90,99,0.1
1107,11,90,99,0.1
1108,12,80,99,0.1
1109,13,88,99,0.1
1110,11,90,99,0.1
1111,15,26,99,0.1
1112,12,80,99,0.1
1113,11,90,99,0.1
1114,12,89,99,0.1
1115,11,90,99,0.1
1116,13,39,99,0.1
1117,13,88,99,0.1
1118,12,80,99,0.1
1119,11,90,99,0.1
1120,18,34,99,0.1
1121,15,86,99,0.1
1122,19,33,99,0.1
1123,11,90,99,0.1
1124,14,87,99,0.1
1125,12,80,99,0.1
1126,15,86,99,0.1
1127,11,90,99,0.1
1128,13,88,99,0.1
1129,11,90,99,0.1
1130,13,88,99,0.1
1131,11,90,99,0.1
1132,12,80,99,0.1
1133,11,90,99,0.1
1134,11,90,99,0.1
1135,12,40,99,0.1
1136,14,38,99,0.1
1137,13,88,99,0.1
1138,11,90,99,0.1
1139,16,18,99,0.1
1140,11,90,99,0.1
1141,12,40,99,0.1
1142,13,88,99,0.1
1143,11,90,99,0.1
1144,13,39,99,0.1
1145,18,34,99,0.1
1146,11,90,99,0.1
1147,11,90,99,0.1
1148,11,90,99,0.1
1149,16,36,99,0.1
1150,11,90,99,0.1
1151,12,40,99,0.1
1152,12,89,99,0.1
1153,14,29,99,0.1
1154,15,28,99,0.1
1155,13,88,99,0.1
1156,13,39,99,0.1
1157,12,40,99,0.1
1158,11,90,99,0.1
1159,11,90,99,0.1
1160,11,90,99,0.1
1161,12,40,99,0.1
1162,15,35,99,0.1
1163,11,90,99,0.1
1164,13,39,99,0.1
1165,11,90,99,0.1
1166,11,90,99,0.1
1167,14,87,99,0.1
1168,11,90,99,0.1
1169,15,37,99,0.1
1170,13,88,99,0.1
1171,11,90,99,0.1
1172,11,90,99,0.1
1173,11,90,99,0.1
1174,11,90,99,0.1
1175,13,88,99,0.1
1176,14,-11,99,0.1
1177,12,80,99,0.1
1178,13,70,99,0.1
1179,11,90,99,0.1
1180,12,80,99,0.1
1181,12,80,99,0.1
1182,13,88,99,0.1
1183,18,-15,99,0.1
1184,12,80,99,0.1
1185,11,90,99,0.1
1186,11,90,99,0.1
1187,11,90,99,0.1
1188,16,34,99,0.1
1189,13,39,99,0.1
1190,11,90,99,0.1
1191,13,88,99,0.1
1192,11,90,99,0.1
1193,11,41,99,0.1
1194,15,86,99,0.1
1195,11,90,99,0.1
1196,11,90,99,0.1
1197,11,90,99,0.1
1198,13,88,99,0.1
1199,11,90,99,0.1
1200,11,90,99,0.1
1201,11,90,99,0.1
1202,16,76,99,0.1
1203,13,39,99,0.1
1204,11,90,99,0.1
1205,13,39,99,0.1
1206,11,90,99,0.1
1207,13,79,99,0.1
1208,13,88,99,0.1
1209,12,80,99,0.1
1210,11,90,99,0.1
1211,14,78,99,0.1
1212,14,78,99,0.1
1213,16,36,99,0.1
1214,11,90,99,0.1
1215,14,29,99,0.1
1216,11,90,99,0.1
1217,18,74,99,0.1
1218,12,78,99,0.1
1219,15,37,99,0.1
1220,11,90,99,0.1
1221,11,90,99,0.1
1222,12,89,99,0.1
1223,12,40,99,0.1
1224,13,88,99,0.1
1225,12,80,99,0.1
1226,12,40,99,0.1
1227,11,90,99,0.1
1228,13,86,99,0.1
1229,13,88,99,0.1
1230,16,76,99,0.1
1231,11,90,99,0.1
1232,11,90,99,0.1
1233,11,90,99,0.1
1234,14,85,99,0.1
1235,11,90,99,0.1
1236,11,90,99,0.1
1237,13,39,99,0.1
1238,11,90,99,0.1
1239,18,81,99,0.1
1240,13,39,99,0.1
1241,11,90,99,0.1
1242,11,90,99,0.1
1243,13,88,99,0.1
1244,13,39,99,0.1
1245,11,90,99,0.1
1246,11,90,99,0.1
1247,19,24,99,0.1
1248,11,90,99,0.1
1249,11,90,99,0.1
1250,11,90,99,0.1
1251,11,90,99,0.1
1252,11,90,99,0.1
1253,13,39,99,0.1
1254,11,90,99,0.1
1255,14,78,99,0.1
1256,13,39,99,0.1
1257,11,90,99,0.1
1258,11,90,99,0.1
1259,12,80,99,0.1
1260,12,80,99,0.1
1261,11,90,99,0.1
1262,11,90,99,0.1
1263,11,90,99,0.1
1264,14,87,99,0.1
1265,14,38,99,0.1
1266,13,70,99,0.1
1267,11,90,99,0.1
1268,14,-11,99,0.1
1269,13,88,99,0.1
1270,11,90,99,0.1
1271,14,38,99,0.1
1272,11,90,99,0.1
1273,13,88,99,0.1
1274,12,40,99,0.1
1275,14,87,99,0.1
1276,11,90,99,0.1
1277,13,88,99,0.1
1278,11,90,99,0.1
1279,12,80,99,0.1
1280,11,90,99,0.1
1281,11,90,99,0.1
1282,12,80,99,0.1
1283,13,39,99,0.1
1284,15,77,99,0.1
1285,18,-17,99,0.1
1286,11,90,99,0.1
1287,13,88,99,0.1
1288,14,29,99,0.1
1289,15,86,99,0.1
1290,11,90,99,0.1
1291,13,39,99,0.1
1292,11,90,99,0.1
1293,11,90,99,0.1
1294,11,90,99,0.1
1295,13,79,99,0.1
1296,12,87,99,0.1
1297,13,88,99,0.1
1298,13,39,99,0.1
1299,13,30,99,0.1
1300,11,90,99,0.1
1301,11,90,99,0.1
1302,13,88,99,0.1
1303,11,90,99,0.1
1304,13,88,99,0.1
1305,12,40,99,0.1
1306,13,30,99,0.1
1307,12,40,99,0.1
1308,11,90,99,0.1
1309,11,90,99,0.1
1310,13,86,99,0.1
1311,11,90,99,0.1
1312,12,87,99,0.1
1313,13,88,99,0.1
1314,11,90,99,0.1
1315,15,37,99,0.1
1316,11,90,99,0.1
1317,11,90,99,0.1
1318,11,90,99,0.1
1319,12,80,99,0.1
1320,15,37,99,0.1
1321,16,36,99,0.1
1322,12,40,99,0.1
1323,14,78,99,0.1
1324,13,39,99,0.1
1325,14,38,99,0.1
1326,14,87,99,0.1
1327,11,90,99,0.1
1328,11,90,99,0.1
1329,13,88,99,0.1
1330,17,26,99,0.1
1331,11,90,99,0.1
1332,11,90,99,0.1
1333,11,90,99,0.1
1334,13,86,99,0.1
1335,11,90,99,0.1
1336,13,88,99,0.1
1337,19,33,99,0.1
1338,13,88,99,0.1
1339,13,88,99,0.1
1340,13,39,99,0.1
1341,11,90,99,0.1
1342,11,41,99,0.1
1343,12,40,99,0.1
1344,13,88,99,0.1
1345,11,90,99,0.1
1346,11,90,99,0.1
1347,11,90,99,0.1
1348,11,90,99,0.1
1349,11,90,99,0.1
1350,11,90,99,0.1
1351,11,90,99,0.1
1352,11,90,99,0.1
1353,12,40,99,0.1
1354,11,90,99,0.1
1355,14,85,99,0.1
1356,13,88,99,0.1
1357,12,40,99,0.1
1358,11,90,99,0.1
1359,15,86,99,0.1
1360,11,41,99,0.1
1361,16,34,99,0.1
1362,11,90,99,0.1
1363,15,-14,99,0.1
1364,11,90,99,0.1
1365,11,90,99,0.1
1366,12,40,99,0.1
1367,13,88,99,0.1
1368,11,90,99,0.1
1369,11,90,99,0.1
1370,13,88,99,0.1
1371,11,90,99,0.1
1372,11,90,99,0.1
1373,13,39,99,0.1
1374,16,27,99,0.1
1375,14,38,99,0.1
1376,12,89,99,0.1
1377,11,90,99,0.1
1378,11,90,99,0.1
1379,11,90,99,0.1
1380,11,90,99,0.1
1381,11,90,99,0.1
1382,11,90,99,0.1
1383,12,89,99,0.1
1384,13,88,99,0.1
1385,11,90,99,0.1
1386,13,86,99,0.1
1387,15,37,99,0.1
1388,11,90,99,0.1
1389,13,88,99,0.1
1390,11,41,99,0.1
1391,11,90,99,0.1
1392,11,90,99,0.1
1393,11,90,99,0.1
1394,15,86,99,0.1
1395,15,77,99,0.1
1396,11,90,99,0.1
1397,11,90,99,0.1
1398,13,88,99,0.1
1399,16,-64,99,0.1
1400,11,90,99,0.1
1401,13,88,99,0.1
1402,14,85,99,0.1
1403,15,68,99,0.1
1404,11,90,99,0.1
1405,17,35,99,0.1
1406,11,90,99,0.1
1407,13,39,99,0.1
1408,14,29,99,0.1
1409,13,88,99,0.1
1410,16,-13,99,0.1
1411,13,86,99,0.1
1412,16,27,99,0.1
1413,12,31,99,0.1
1414,13,88,99,0.1
1415,11,90,99,0.1
1416,13,39,99,0.1
1417,13,88,99,0.1
1418,11,90,99,0.1
1419,13,88,99,0.1
1420,13,88,99,0.1
1421,14,87,99,0.1
1422,11,90,99,0.1
1423,13,39,99,0.1
1424,18,74,99,0.1
1425,11,90,99,0.1
1426,11,90,99,0.1
1427,13,-10,99,0.1
1428,12,40,99,0.1
1429,11,90,99,0.1
1430,12,80,99,0.1
1431,11,90,99,0.1
1432,13,39,99,0.1
1433,13,88,99,0.1
1434,11,90,99,0.1
1435,11,90,99,0.1
1436,12,40,99,0.1
1437,12,40,99,0.1
1438,11,90,99,0.1
1439,12,89,99,0.1
1440,13,88,99,0.1
1441,11,90,99,0.1
1442,11,90,99,0.1
1443,11,41,99,0.1
1444,11,90,99,0.1
1445,13,88,99,0.1
1446,13,88,99,0.1
1447,13,39,99,0.1
1448,11,90,99,0.1
1449,11,90,99,0.1
1450,12,89,99,0.1
1451,13,88,99,0.1
1452,11,90,99,0.1
1453,14,78,99,0.1
1454,11,90,99,0.1
1455,12,40,99,0.1
1456,12,40,99,0.1
1457,16,36,99,0.1
1458,11,90,99,0.1
1459,11,90,99,0.1
1460,11,41,99,0.1
1461,11,90,99,0.1
1462,12,89,99,0.1
1463,12,80,99,0.1
1464,16,-13,99,0.1
1465,13,88,99,0.1
1466,15,35,99,0.1
1467,11,90,99,0.1
1468,11,90,99,0.1
1469,13,39,99,0.1
1470,15,28,99,0.1
1471,13,39,99,0.1
1472,13,88,99,0.1
1473,11,90,99,0.1
1474,12,80,99,0.1
1475,14,87,99,0.1
1476,15,37,99,0.1
1477,11,90,99,0.1
1478,17,33,99,0.1
1479,12,40,99,0.1
1480,12,31,99,0.1
1481,11,90,99,0.1
1482,14,76,99,0.1
1483,13,88,99,0.1
1484,19,33,99,0.1
1485,13,88,99,0.1
1486,11,90,99,0.1
1487,13,39,99,0.1
1488,11,90,99,0.1
1489,12,40,99,0.1
1490,14,76,99,0.1
1491,11,90,99,0.1
1492,13,88,99,0.1
1493,11,90,99,0.1
1494,11,90,99,0.1
1495,11,90,99,0.1
1496,13,88,99,0.1
1497,13,88,99,0.1
1498,11,90,99,0.1
1499,11,90,99,0.1
1500,11,90,99,0.1
1501,11,90,99,0.1
1502,17,-23,99,0.1
1503,12,80,99,0.1
1504,14,38,99,0.1
1505,13,88,99,0.1
1506,11,90,99,0.1
1507,15,77,99,0.1
1508,11,90,99,0.1
1509,11,90,99,0.1
1510,13,88,99,0.1
1511,11,90,99,0.1
1512,23,-127,99,0.1
1513,11,90,99,0.1
1514,11,90,99,0.1
1515,11,90,99,0.1
1516,11,90,99,0.1
1517,12,40,99,0.1
1518,12,40,99,0.1
1519,16,67,99,0.1
1520,11,90,99,0.1
1521,11,90,99,0.1
1522,13,88,99,0.1
1523,11,90,99,0.1
1524,11,90,99,0.1
1525,11,90,99,0.1
1526,13,88,99,0.1
1527,11,90,99,0.1
1528,11,90,99,0.1
1529,15,86,99,0.1
1530,12,89,99,0.1
1531,11,90,99,0.1
1532,15,37,99,0.1
1533,12,80,99,0.1
1534,12,80,99,0.1
1535,12,80,99,0.1
1536,16,-13,99,0.1
1537,11,90,99,0.1
1538,13,88,99,0.1
1539,11,90,99,0.1
1540,11,90,99,0.1
1541,11,90,99,0.1
1542,11,90,99,0.1
1543,12,89,99,0.1
1544,11,90,99,0.1
1545,11,90,99,0.1
1546,13,86,99,0.1
1547,14,87,99,0.1
1548,12,80,99,0.1
1549,13,88,99,0.1
1550,13,88,99,0.1
1551,11,90,99,0.1
1552,11,90,99,0.1
1553,14,76,99,0.1
1554,11,90,99,0.1
1555,12,80,99,0.1
1556,13,39,99,0.1
1557,11,90,99,0.1
1558,14,29,99,0.1
1559,13,88,99,0.1
1560,15,86,99,0.1
1561,12,80,99,0.1
1562,13,88,99,0.1
1563,11,90,99,0.1
1564,15,37,99,0.1
1565,12,80,99,0.1
1566,15,86,99,0.1
1567,14,36,99,0.1
1568,11,90,99,0.1
1569,13,79,99,0.1
1570,13,39,99,0.1
1571,12,40,99,0.1
1572,11,90,99,0.1
1573,11,90,99,0.1
1574,13,88,99,0.1
1575,13,88,99,0.1
1576,11,90,99,0.1
1577,12,40,99,0.1
1578,15,84,99,0.1
1579,15,37,99,0.1
1580,18,83,99,0.1
1581,11,90,99,0.1
1582,11,90,99,0.1
1583,13,88,99,0.1
1584,13,39,99,0.1
1585,16,34,99,0.1
1586,12,31,99,0.1
1587,11,90,99,0.1
1588,11,90,99,0.1
1589,13,88,99,0.1
1590,13,39,99,0.1
1591,11,41,99,0.1
1592,11,90,99,0.1
1593,11,41,99,0.1
1594,14,29,99,0.1
1595,11,90,99,0.1
1596,12,80,99,0.1
1597,15,35,99,0.1
1598,13,88,99,0.1
1599,11,90,99,0.1
1600,11,90,99,0.1
1601,12,89,99,0.1
1602,12,89,99,0.1
1603,13,88,99,0.1
1604,13,39,99,0.1
1605,13,88,99,0.1
1606,11,90,99,0.1
1607,13,88,99,0.1
1608,11,90,99,0.1
1609,11,90,99,0.1
1610,11,90,99,0.1
1611,11,90,99,0.1
1612,11,90,99,0.1
1613,13,88,99,0.1
1614,15,35,99,0.1
1615,11,90,99,0.1
1616,11,90,99,0.1
1617,14,38,99,0.1
1618,11,90,99,0.1
1619,13,39,99,0.1
1620,12,87,99,0.1
1621,14,78,99,0.1
1622,13,86,99,0.1
1623,23,27,99,0.1
1624,13,88,99,0.1
1625,11,90,99,0.1
1626,12,40,99,0.1
1627,11,90,99,0.1
1628,11,90,99,0.1
1629,12,40,99,0.1
1630,12,87,99,0.1
1631,15,37,99,0.1
1632,14,78,99,0.1
1633,11,41,99,0.1
1634,13,88,99,0.1
1635,13,39,99,0.1
1636,14,36,99,0.1
1637,13,77,99,0.1
1638,16,18,99,0.1
1639,13,88,99,0.1
1640,11,90,99,0.1
1641,11,90,99,0.1
1642,11,90,99,0.1
1643,11,90,99,0.1
1644,11,90,99,0.1
1645,13,88,99,0.1
1646,14,38,99,0.1
1647,13,30,99,0.1
1648,15,28,99,0.1
1649,12,40,99,0.1
1650,11,90,99,0.1
1651,11,90,99,0.1
1652,11,90,99,0.1
1653,12,40,99,0.1
1654,16,76,99,0.1
1655,11,90,99,0.1
1656,11,90,99,0.1
1657,11,90,99,0.1
1658,13,39,99,0.1
1659,11,90,99,0.1
1660,13,88,99,0.1
1661,12,31,99,0.1
1662,13,88,99,0.1
1663,11,90,99,0.1
1664,14,87,99,0.1
1665,11,90,99,0.1
1666,11,90,99,0.1
1667,14,38,99,0.1
1668,15,86,99,0.1
1669,11,90,99,0.1
1670,11,90,99,0.1
1671,13,-59,99,0.1
1672,14,29,99,0.1
1673,14,87,99,0.1
1674,14,87,99,0.1
1675,11,90,99,0.1
1676,13,88,99,0.1
1677,12,40,99,0.1
1678,15,-12,99,0.1
1679,11,90,99,0.1
1680,15,86,99,0.1
1681,14,78,99,0.1
1682,13,39,99,0.1
1683,11,90,99,0.1
1684,11,90,99,0.1
1685,11,90,99,0.1
1686,13,88,99,0.1
1687,13,88,99,0.1
1688,11,90,99,0.1
1689,13,39,99,0.1
1690,11,90,99,0.1
1691,11,90,99,0.1
1692,19,82,99,0.1
1693,13,37,99,0.1
1694,13,88,99,0.1
1695,12,40,99,0.1
1696,11,90,99,0.1
1697,12,40,99,0.1
1698,14,-11,99,0.1
1699,12,89,99,0.1
1700,11,88,99,0.1
1701,11,90,99,0.1
1702,13,39,99,0.1
1703,11,90,99,0.1
1704,15,26,99,0.1
1705,11,90,99,0.1
1706,13,88,99,0.1
1707,11,90,99,0.1
1708,12,40,99,0.1
1709,16,-22,99,0.1
1710,15,-12,99,0.1
1711,12,87,99,0.1
1712,11,90,99,0.1
1713,15,37,99,0.1
1714,11,90,99,0.1
1715,11,90,99,0.1
1716,13,70,99,0.1
1717,14,87,99,0.1
1718,12,89,99,0.1
1719,11,90,99,0.1
1720,12,80,99,0.1
1721,11,90,99,0.1
1722,16,36,99,0.1
1723,11,90,99,0.1
1724,11,90,99,0.1
1725,12,80,99,0.1
1726,13,88,99,0.1
1727,12,89,99,0.1
1728,14,38,99,0.1
1729,13,30,99,0.1
1730,13,-10,99,0.1
1731,11,90,99,0.1
1732,11,90,99,0.1
1733,15,-12,99,0.1
1734,15,-12,99,0.1
1735,13,88,99,0.1
1736,15,-61,99,0.1
1737,18,-15,99,0.1
1738,11,90,99,0.1
1739,11,90,99,0.1
1740,13,88,99,0.1
1741,11,90,99,0.1
1742,14,87,99,0.1
1743,15,86,99,0.1
1744,19,33,99,0.1
1745,14,38,99,0.1
1746,13,86,99,0.1
1747,16,-62,99,0.1
1748,11,90,99,0.1
1749,13,39,99,0.1
1750,13,88,99,0.1
1751,13,39,99,0.1
1752,15,86,99,0.1
1753,11,90,99,0.1
1754,11,90,99,0.1
1755,11,90,99,0.1
1756,13,70,99,0.1
1757,11,41,99,0.1
1758,11,90,99,0.1
1759,13,39,99,0.1
1760,12,40,99,0.1
1761,15,-12,99,0.1
1762,11,90,99,0.1
1763,13,39,99,0.1
1764,16,36,99,0.1
1765,14,87,99,0.1
1766,11,90,99,0.1
1767,11,90,99,0.1
1768,11,90,99,0.1
1769,12,40,99,0.1
1770,17,82,99,0.1
1771,13,79,99,0.1
1772,12,40,99,0.1
1773,13,88,99,0.1
1774,11,90,99,0.1
1775,11,90,99,0.1
1776,13,88,99,0.1
1777,14,38,99,0.1
1778,12,80,99,0.1
1779,13,88,99,0.1
1780,12,40,99,0.1
1781,12,80,99,0.1
1782,11,90,99,0.1
1783,13,30,99,0.1
1784,13,88,99,0.1
1785,13,88,99,0.1
1786,13,88,99,0.1
1787,15,86,99,0.1
1788,11,90,99,0.1
1789,17,35,99,0.1
1790,16,-15,99,0.1
1791,12,89,99,0.1
1792,14,29,99,0.1
1793,11,90,99,0.1
1794,13,88,99,0.1
1795,12,40,99,0.1
1796,13,88,99,0.1
1797,11,41,99,0.1
1798,16,36,99,0.1
1799,14,38,99,0.1
1800,14,78,99,0.1
1801,12,89,99,0.1
1802,16,83,99,0.1
1803,11,90,99,0.1
1804,11,90,99,0.1
1805,11,90,99,0.1
1806,11,90,99,0.1
1807,11,90,99,0.1
1808,15,86,99,0.1
1809,11,90,99,0.1
1810,13,30,99,0.1
1811,14,78,99,0.1
1812,13,88,99,0.1
1813,12,87,99,0.1
1814,11,90,99,0.1
1815,13,39,99,0.1
1816,18,83,99,0.1
1817,18,23,99,0.1
1818,11,90,99,0.1
1819,15,77,99,0.1
1820,12,80,99,0.1
1821,11,90,99,0.1
1822,11,90,99,0.1
1823,11,90,99,0.1
1824,11,90,99,0.1
1825,13,39,99,0.1
1826,11,90,99,0.1
1827,12,87,99,0.1
1828,18,-15,99,0.1
1829,11,90,99,0.1
1830,12,89,99,0.1
1831,11,90,99,0.1
1832,11,90,99,0.1
1833,12,40,99,0.1
1834,11,90,99,0.1
1835,12,80,99,0.1
1836,12,87,99,0.1
1837,12,40,99,0.1
1838,11,90,99,0.1
1839,14,38,99,0.1
1840,13,88,99,0.1
1841,12,80,99,0.1
1842,11,90,99,0.1
1843,15,86,99,0.1
1844,11,41,99,0.1
1845,11,90,99,0.1
1846,15,19,99,0.1
1847,13,39,99,0.1
1848,11,90,99,0.1
1849,13,39,99,0.1
1850,11,90,99,0.1
1851,11,90,99,0.1
1852,15,37,99,0.1
1853,12,80,99,0.1
1854,11,90,99,0.1
1855,11,90,99,0.1
1856,12,89,99,0.1
1857,13,88,99,0.1
1858,11,90,99,0.1
1859,13,79,99,0.1
1860,14,-11,99,0.1
1861,11,90,99,0.1
1862,13,88,99,0.1
1863,12,89,99,0.1
1864,14,36,99,0.1
1865,12,80,99,0.1
1866,16,27,99,0.1
1867,11,90,99,0.1
1868,14,29,99,0.1
1869,15,37,99,0.1
1870,12,80,99,0.1
1871,11,90,99,0.1
1872,11,41,99,0.1
1873,11,90,99,0.1
1874,11,90,99,0.1
1875,11,41,99,0.1
1876,11,90,99,0.1
1877,11,90,99,0.1
1878,14,38,99,0.1
1879,13,88,99,0.1
1880,15,37,99,0.1
1881,14,78,99,0.1
1882,11,90,99,0.1
1883,13,39,99,0.1
1884,11,90,99,0.1
1885,11,90,99,0.1
1886,13,-10,99,0.1
1887,12,40,99,0.1
1888,14,38,99,0.1
1889,11,90,99,0.1
1890,14,38,99,0.1
1891,11,90,99,0.1
1892,14,78,99,0.1
1893,14,85,99,0.1
1894,12,80,99,0.1
1895,11,90,99,0.1
1896,11,90,99,0.1
1897,14,29,99,0.1
1898,13,39,99,0.1
1899,11,90,99,0.1
1900,15,37,99,0.1
1901,14,38,99,0.1
1902,15,28,99,0.1
1903,11,90,99,0.1
1904,11,90,99,0.1
1905,16,85,99,0.1
1906,13,84,99,0.1
1907,15,-12,99,0.1
1908,11,90,99,0.1
1909,13,88,99,0.1
1910,11,90,99,0.1
1911,12,80,99,0.1
1912,15,82,99,0.1
1913,11,90,99,0.1
1914,15,19,99,0.1
1915,15,37,99,0.1
1916,11,90,99,0.1
1917,12,40,99,0.1
1918,11,90,99,0.1
1919,11,90,99,0.1
1920,13,88,99,0.1
1921,11,90,99,0.1
1922,20,32,99,0.1
1923,11,90,99,0.1
1924,13,88,99,0.1
1925,11,90,99,0.1
1926,13,86,99,0.1
1927,15,37,99,0.1
1928,13,39,99,0.1
1929,11,90,99,0.1
1930,12,40,99,0.1
1931,13,37,99,0.1
1932,13,-10,99,0.1
1933,11,90,99,0.1
1934,13,37,99,0.1
1935,11,90,99,0.1
1936,11,90,99,0.1
1937,11,41,99,0.1
1938,11,90,99,0.1
1939,11,90,99,0.1
1940,11,90,99,0.1
1941,11,90,99,0.1
1942,13,88,99,0.1
1943,13,88,99,0.1
1944,13,88,99,0.1
1945,15,37,99,0.1
1946,13,86,99,0.1
1947,14,78,99,0.1
1948,14,38,99,0.1
1949,12,80,99,0.1
1950,13,88,99,0.1
1951,14,78,99,0.1
1952,12,80,99,0.1
1953,14,38,99,0.1
1954,12,89,99,0.1
1955,12,80,99,0.1
1956,11,90,99,0.1
1957,12,80,99,0.1
1958,15,37,99,0.1
1959,13,84,99,0.1
1960,12,87,99,0.1
1961,21,80,99,0.1
1962,11,90,99,0.1
1963,11,90,99,0.1
1964,14,29,99,0.1
1965,11,90,99,0.1
1966,11,90,99,0.1
1967,11,90,99,0.1
1968,11,90,99,0.1
1969,13,39,99,0.1
1970,13,88,99,0.1
1971,13,86,99,0.1
1972,11,90,99,0.1
1973,11,90,99,0.1
1974,11,90,99,0.1
1975,13,88,99,0.1
1976,11,90,99,0.1
1977,12,89,99,0.1
1978,15,68,99,0.1
1979,13,88,99,0.1
1980,11,90,99,0.1
1981,11,90,99,0.1
1982,11,90,99,0.1
1983,11,90,99,0.1
1984,11,90,99,0.1
1985,13,39,99,0.1
1986,11,90,99,0.1
1987,16,72,99,0.1
1988,11,90,99,0.1
1989,13,88,99,0.1
1990,14,38,99,0.1
1991,12,89,99,0.1
1992,11,90,99,0.1
1993,11,90,99,0.1
1994,17,-14,99,0.1
1995,11,90,99,0.1
1996,13,39,99,0.1
1997,13,39,99,0.1
1998,13,86,99,0.1
1999,13,39,99,0.1
